id;rodada;participante;tipo;texto;criticidade;atualizado_em
muqxsxfosgjr;1;Adriano;melhorar;Parar itens em andamento para iniciar outros.;3;2026-10-02 09:30:39
muqxto2sldyd;1;Francisco;bom;Boa comunicação entre membros.;;2026-10-02 09:26:52
muqxvajfwyvn;1;Francisco;melhorar;Distorção entre a necessidade e o escopo passado.;3;2026-10-02 09:28:08
muqxxr5nvw2x;1;Alisson;melhorar;Prazos curtos para validação.;3;2026-10-02 09:30:02
muqy2iv8hd9l;1;Natan;melhorar;Entrega de qualidade x custo baixo.;2;2026-10-02 09:33:45
muqy6tibkalr;1;Natan;melhorar;Melhorar a esteira de produção.;2;2026-10-02 09:37:05
muqy8q842ev3;1;Natan;bom;Processos adaptados.;;2026-10-02 09:38:34
muqy9r2s247l;1;Francisco;bom;Utilização de novas ferramentas de IA.;;2026-10-02 09:39:22
muqycqno8aix;1;Vandrei;melhorar;Versionamento de produtos e bibliotecas.;1;2026-10-02 09:41:42
muqyf11on4m1;1;Giovana;melhorar;Planejamento estrategico.;3;2026-10-02 09:43:28
muqygf9v1y9v;1;Gustavo;melhorar;Melhorar comunicação de novas ferramentas e features.;2;2026-10-02 09:44:34
muqyirnnkghx;1;Marcelo;melhorar;Melhorar a documentação em todos os processos.;2;2026-10-02 09:46:23
muqykwhgjs8b;1;André;bom;Documentação recentes com bom nível de detalhamento.;;2026-10-02 09:48:02
muqyo8lgrjn8;1;André;melhorar;Melhorar descrição de ocorrências.;3;2026-10-02 09:50:38
muqz10n05ijp;1;Adriano;melhorar;Redução no prazo das entregas devido a adoção de IA.;3;2026-10-02 10:00:34
muqze9wuj5iw;1;Wendel;melhorar;Com IA aparenta que tudo ficou muito fácil.;2;2026-10-02 10:10:53
muqzf9dajpw9;1;Alisson;melhorar;Criar momento para desenvolvimento de habilidades.;2;2026-10-02 10:11:39
muqzhqbxtz86;1;Vandrei;bom;Mentoria dos membros mais seniores.;;2026-10-02 10:13:34
muqzjq91vu10;1;Francisco;melhorar;Ter mais autonomia;3;2026-10-02 10:15:07
